Player Name,Club Name,Country,Position,PostShotExpectedGoals/90min,90s,GoalsAgainst,PKAgainst,FKGoalsAgainst,CornerKickGoalsAgainst,OwnGoalsScoredAgainst,PostShotExpectedGoals,PostShotExpectedGoals/ShotOnTarget,PostShotExpectedGoals/90min,90s,LongPassesCompleted,LongPassesAttempted,LongPassesCompleted%,ShortPassesAttempted,ThrowsAttempted,Launch%,AveragePassLength,GKAttempted,/90,Cmp,CrossesStopped,CrossesStopped%,DefenseOutsidePenalyArea,DefenseOutsidePenalyArea/90min,AvgDistanceofDefenseOutsidePenalyArea,MatchesPlayed,MatchesStarted,Minutes,90s(MinutesPlayed/90s),GoalsAgainst,GoalsAgainst/90,ShotsOnTargetAgainst,Saves,Save%,Wins,Draws,Losses,CleanSheats,CleanSheats%,PKAttempted,PKAllowed,PKSaved,PKMissed,PKSave%
Lukáš Hrádecký,Leverkusen,FIN,GK,33,35,24,0,0,4,0,27.5,0.27,3.5,0.11,71,202,35.1,736,165,20.8,27.6,145,33.8,34.5,27,8.6,39,1.18,16.5,35,35,"3,150",35,24,0.69,105,81,77.1,30,5,0,17,48.6,0,0,0,0,
Matej Kovar,Leverkusen,CZE,GK,23,17,17,3,0,1,0,17.7,0.27,5.7,0.44,30,72,41.7,344,72,15.7,25.3,68,26.5,29,10,7.9,16,1.23,15.8,17,17,"1,530",17,17,1,72,55,80.6,12,4,1,7,41.2,3,3,0,0,0
Niklas Lomb,Leverkusen,GER,GK,30,1,1,0,0,0,0,0.7,0.22,-0.3,-0.34,2,4,50,23,4,17.4,25.3,2,0,13,0,0,0,0,10,1,1,90,1,1,1,3,2,66.7,1,0,0,0,0,0,0,0,0,
Andriy Lunin,Real Madrid,UKR,GK,24,31.7,32,2,1,2,0,33.1,0.28,6.1,0.21,66,181,36.5,752,134,17.7,26.5,170,28.2,31.6,37,9.7,26,0.9,11.2,31,31,"2,850",31.7,32,1.01,128,95,76.6,21,9,1,12,38.7,3,2,1,0,33.3
Kepa Arrizabalaga,Real Madrid,ESP,GK,28,19.6,18,1,0,1,1,14.3,0.26,1.3,0.08,42,113,37.2,509,83,18.1,27,89,23.6,29.5,10,4.7,12,0.69,14.1,20,19,"1,768",19.6,18,0.92,62,45,72.6,16,2,1,9,47.4,1,1,0,0,0
Thibaut Courtois,Real Madrid,BEL,GK,31,4.7,0,0,0,0,0,3.9,0.23,3.9,0.84,11,24,45.8,126,30,16.7,26.3,20,15,29.8,3,4.8,5,1.07,13.9,5,5,422,4.7,0,0,18,18,100,4,1,0,4,80,0,0,0,0,
Yann Sommer,Inter,SUI,GK,34,43.3,23,2,0,3,0,32.5,0.23,9.5,0.23,120,281,42.7,1314,152,17.4,26,240,21.7,27.5,24,4.8,18,0.44,11.9,43,43,"3,900",43.3,23,0.53,128,104,83.6,33,8,2,25,58.1,4,2,1,1,33.3
Emil Audero,Inter,ITA,GK,26,6.1,8,0,0,0,0,5.3,0.33,-0.7,-0.15,7,26,26.9,207,34,11.1,24.5,25,12,27.2,7,11.3,4,0.84,13.1,6,6,547,6.1,8,1.32,18,10,55.6,2,2,2,2,33.3,0,0,0,0,
Raffaele Di Gennaro,Inter,ITA,GK,29,0.3,0,0,0,0,0,0.5,0.13,0.5,2.08,1,2,50,15,3,13.3,25.2,1,0,10,0,0,0,0,,1,0,23,0.3,0,0,4,4,100,0,0,0,0,,0,0,0,0,
Ederson,Manchester City,BRA,GK,29,39.3,34,3,0,2,1,32.6,0.32,0.6,0.02,134,275,48.7,1346,166,17.2,26.8,137,31.4,33.8,29,10,56,1.48,16.9,41,41,"3,535",39.3,34,0.87,99,66,68.7,30,8,3,11,27.5,3,3,0,0,0
Stefan Ortega,Manchester City,GER,GK,30,18.1,20,0,0,2,1,13.4,0.33,0.4,0.04,45,106,42.5,406,42,22.4,27.1,32,46.9,40.7,6,7.2,21,2.09,17.9,20,16,"1,625",18.1,20,1.11,68,49,70.6,11,3,2,5,33.3,0,0,0,0,
David Raya,Arsenal,ESP,GK,27,41.3,31,3,1,6,1,26.4,0.25,-3.6,-0.09,178,472,37.7,1234,203,32.2,30.5,129,58.1,45.6,54,13,66,1.61,17.6,41,41,"3,720",41.3,31,0.75,92,61,69.6,28,5,8,20,48.8,4,3,1,0,25
Aaron Ramsdale,Arsenal,ENG,GK,25,11,12,0,0,1,0,4.9,0.26,-1.1,-0.16,22,78,28.2,199,33,32.7,32.1,27,48.1,40,8,13.6,9,1.29,14.7,11,11,990,11,12,1.09,35,23,65.7,6,3,2,3,30,0,0,0,0,
Gianluigi Donnarumma,Paris S-G,ITA,GK,24,41.1,38,3,0,5,0,45.2,0.26,10.2,0.28,67,166,40.4,924,158,13.5,25,202,20.3,25.1,17,4.2,41,1.14,14.1,42,42,"3,699",41.1,38,0.92,179,140,80.4,28,8,6,15,35.7,4,3,1,0,25
Keylor Navas,Paris S-G,CRC,GK,36,6,7,1,0,0,0,4.7,0.31,-1.3,-0.33,4,9,44.4,80,12,10,23.5,18,5.6,22.2,0,0,5,1.25,16.3,6,6,540,6,7,1.17,21,14,71.4,4,2,0,2,33.3,1,1,0,0,0
Arnau Tenas,Paris S-G,ESP,GK,22,5.9,7,0,0,2,0,6,0.24,-1,-0.17,14,46,30.4,174,19,23,29.6,37,16.2,27.1,2,2.8,5,0.85,14.8,6,5,529,5.9,7,1.19,25,18,72,2,2,1,1,20,0,0,0,0,
Marc-André ter Stegen,Barcelona,GER,GK,31,36,37,3,0,2,0,37.5,0.27,0.5,0.01,123,240,51.3,1131,144,16.5,27.3,195,27.2,32,18,4.2,44,1.22,16.6,36,36,"3,240",36,37,1.03,133,96,74.4,25,6,5,17,47.2,3,3,0,0,0
Iñaki Peña ,Barcelona,ESP,GK,24,17.3,32,2,0,0,0,17.7,0.36,-3.3,-0.28,31,65,47.7,309,53,14.9,23.8,60,31.7,35.3,2,1.5,6,0.5,10.8,17,17,"1,560",17.3,32,1.85,72,42,58.3,10,2,5,3,17.6,2,2,0,0,0
Alisson,Liverpool,BRA,GK,30,32,32,1,0,4,1,29.3,0.26,0.3,0.01,72,209,34.4,1154,152,14.6,24.8,125,32.8,33.4,15,4.7,38,1.27,17.4,32,32,"2,880",32,32,1,123,91,74.8,20,8,4,11,34.4,1,1,0,0,0
Caoimhín Kelleher,Liverpool,IRL,GK,24,26.7,32,0,0,4,2,21.9,0.31,0.9,0.05,58,183,31.7,753,106,22,28.1,58,29.3,32,13,8.1,24,1.33,15.4,26,26,"2,400",26.7,32,1.2,111,81,71.2,19,3,4,5,19.2,0,0,0,0,
Alexander Nübel,Stuttgart,GER,GK,26,34,39,3,0,5,3,30.8,0.27,-2.2,-0.07,126,291,43.3,1103,132,23.1,28.7,112,32.1,32.7,30,8.8,57,1.9,17.3,34,34,"3,060",34,39,1.15,118,82,69.5,23,3,8,14,41.2,3,3,0,0,0
Fabian Bredlow,Stuttgart,GER,GK,28,4,3,0,0,1,0,5,0.23,2,0.49,22,61,36.1,168,15,31.5,31,11,72.7,51.7,1,1.8,5,1.25,16.6,4,4,360,4,3,0.75,22,19,86.4,3,1,0,1,25,0,0,0,0,
Paulo Gazzaniga,Girona,ARG,GK,31,38,46,5,0,8,0,51.1,0.28,5.1,0.13,155,420,36.9,1140,178,25.6,30,246,52,44.8,41,7.7,33,0.87,13.2,38,38,"3,420",38,46,1.21,168,121,75.6,25,6,7,12,31.6,7,5,1,1,16.7
Juan Carlos,Girona,ESP,GK,35,3,4,1,,,,,,,,,,,,,,,,,,,,,,,3,3,270,3,4,1.33,13,10,76.9,2,0,1,1,33.3,1,1,0,0,0
Toni Fuidias,Girona,ESP,GK,22,2,3,0,,,,,,,,,,,,,,,,,,,,,,,2,2,180,2,3,1.5,9,6,66.7,2,0,0,0,0,0,0,0,0,
Manuel Neuer,Bayern Munich,GER,GK,37,32.8,43,4,1,2,0,39.9,0.3,-1.1,-0.03,107,229,46.7,1094,144,19.3,28,128,14.1,26.1,12,3.9,43,1.35,17.8,33,33,"2,953",32.8,43,1.31,123,79,68.3,20,4,9,10,30.3,5,4,1,0,20
Sven Ulreich,Bayern Munich,GER,GK,34,15,20,3,1,2,0,17.2,0.36,0.2,0.01,39,116,33.6,466,71,22.5,27.1,66,16.7,25.3,6,4.2,18,1.29,18.2,15,15,"1,350",15,20,1.33,47,28,63.8,10,2,3,4,26.7,3,3,0,0,0
Daniel Peretz,Bayern Munich,ISR,GK,23,1.2,0,0,0,0,0,0,,0,0,0,4,0,15,3,26.7,33.1,2,0,16.5,0,0,0,0,,2,1,107,1.2,0,0,3,3,100,1,0,0,2,200,0,0,0,0,
Jan Oblak,Atlético Madrid,SVN,GK,30,55,68,2,0,5,1,51.6,0.27,-3.4,-0.07,148,435,34,954,226,28.6,31.9,347,46.7,38.5,47,6.5,25,0.52,11.4,54,54,"4,950",55,68,1.24,223,157,70.4,33,6,15,16,29.6,3,2,0,1,0
Mike Maignan,Milan,FRA,GK,28,41.1,52,10,2,7,0,44.2,0.21,-5.8,-0.15,160,374,42.8,1360,238,21.6,28.6,212,37.7,37.5,47,9.8,49,1.22,14.7,42,42,"3,699",41.1,52,1.27,172,120,75.6,24,7,11,12,28.6,10,10,0,0,0
Marco Sportiello,Milan,ITA,GK,31,7.9,12,1,0,0,1,9.5,0.25,-1.5,-0.19,22,56,39.3,245,46,20.8,27.2,24,20.8,28,5,5.6,9,1.14,15,9,7,710,7.9,12,1.52,35,24,68.6,3,3,1,3,42.9,1,1,0,0,0
Antonio Mirante,Milan,ITA,GK,40,3,4,0,0,1,0,3.1,0.41,0.1,0.05,5,14,35.7,46,5,26.1,29.2,8,25,29.4,1,5.9,1,0.51,11.9,3,3,267,3,4,1.35,11,7,63.6,1,1,1,0,0,0,0,0,0,
Lapo Nava,Milan,ITA,GK,19,0,1,0,0,0,0,0.9,0.5,-0.1,-2.83,1,1,100,1,0,100,43,0,,,0,,0,0,,1,0,3,0,1,30,2,1,50,0,0,0,0,,0,0,0,0,
Philipp Köhn,Monaco,SUI,GK,25,22,32,5,1,6,1,32,0.27,1,0.05,82,249,32.9,536,91,32.5,32.1,130,57.7,43.5,22,7.8,19,0.86,11.3,22,22,"1,980",22,32,1.45,97,65,72.2,11,5,6,5,22.7,6,5,1,0,16.7
Radosław Majecki,Monaco,POL,GK,23,15.3,14,0,0,0,1,14.7,0.29,5.7,0.47,39,121,32.2,296,68,31.1,32,80,36.3,33.4,13,8.1,7,0.58,11,15,15,"1,380",15.3,14,0.91,63,53,77.8,10,4,1,7,46.7,4,0,4,0,100
Janis Blaswich,RB Leipzig,GER,GK,32,27,39,4,0,7,1,33.3,0.3,-4.7,-0.18,83,200,41.5,1022,106,15.4,26.1,175,24.6,30,16,5.2,42,1.62,17.8,27,27,"2,430",27,39,1.44,102,64,65.7,14,4,9,6,22.2,4,4,0,0,0
Péter Gulácsi,RB Leipzig,HUN,GK,33,18,15,0,1,1,1,12.9,0.26,1.9,0.12,22,88,25,453,67,11.9,24.9,119,28.6,31.2,7,3.4,17,1.06,15.6,18,18,"1,620",18,15,0.83,62,48,75.8,11,5,2,5,27.8,1,0,0,1,
Wojciech Szczęsny,Juventus,POL,GK,33,35,30,2,0,4,2,28.3,0.24,0.3,0.01,147,340,43.2,828,134,32,32.8,174,43.1,40.2,26,4.7,20,0.57,11.6,35,35,"3,150",35,30,0.86,108,79,74.1,17,13,5,15,42.9,3,2,1,0,33.3
Mattia Perin,Juventus,ITA,GK,30,7.5,4,0,0,0,0,1.2,0.25,0.2,0.1,5,15,33.3,54,9,25.9,29.4,12,8.3,19.5,2,6.9,3,1.2,16.7,8,8,675,7.5,4,0.53,16,11,75,6,1,1,4,50,0,0,0,0,
Carlo Pinsoglio,Juventus,ITA,GK,33,0.5,0,0,0,0,0,0.5,0.18,0.5,1.06,2,5,40,21,1,23.8,31.4,0,,,0,0,0,0,5,1,0,45,0.5,0,0,3,3,100,0,0,0,1,,0,0,0,0,
Gregor Kobel,Dortmund,SUI,GK,25,41.3,47,6,0,10,2,52.5,0.27,10.5,0.27,170,409,41.6,1387,144,21.6,28.8,246,44.3,39.5,13,2.4,18,0.47,11.4,42,42,"3,715",41.3,47,1.14,183,136,77.6,23,10,9,14,33.3,8,6,2,0,25
Alexander Meyer,Dortmund,GER,GK,32,8.7,10,1,0,0,1,9,0.27,0,0,33,94,35.1,376,34,20.5,28.5,39,43.6,41.6,10,7.9,7,0.8,13.9,9,8,785,8.7,10,1.15,31,22,71,4,2,2,3,37.5,1,1,0,0,0
Marco Carnesecchi,Atalanta,ITA,GK,23,31.9,34,4,0,2,0,30.5,0.23,-0.7,-0.03,124,356,34.8,715,151,30.6,33.8,200,68.5,52.1,22,6.3,39,1.4,14.6,32,32,"2,868",31.9,34,1.1,124,88,75.4,18,5,9,8,25.8,7,4,2,1,33.3
Juan Musso,Atalanta,ARG,GK,29,24,21,5,0,3,1,20.2,0.23,1.2,0.05,111,302,36.8,620,126,31.5,32.5,147,72.8,51.7,23,10.4,39,1.7,16.5,24,24,"2,160",24,21,0.87,71,51,77.5,14,5,5,11,45.8,5,5,0,0,0
Francesco Rossi,Atalanta,ITA,GK,32,0.1,0,0,0,0,0,0.8,0.75,0.8,5.63,2,5,40,3,2,33.3,27.3,4,100,64,0,0,0,0,,2,0,12,0.1,0,0,1,1,100,0,0,0,2,,0,0,0,0,
Unai Simón,Athletic Club,ESP,GK,26,35.4,33,1,0,2,4,38,0.28,9,0.26,220,679,32.4,982,144,48.5,38.7,240,84.6,60.9,31,6.9,46,1.3,16.3,36,36,"3,182",35.4,33,0.93,122,90,73.8,18,11,7,16,44.4,5,1,3,1,75
Julen Agirrezabala,Athletic Club,ESP,GK,22,11.3,8,0,0,0,0,2.4,0.2,-1.6,-0.61,18,49,36.7,78,20,35.9,32.4,22,95.5,64.5,2,4.9,3,1.13,15.3,12,10,"1,018",11.3,8,0.71,39,31,79.5,8,1,1,7,70,0,0,0,0,
Łukasz Skorupski,Bologna,POL,GK,32,34.3,29,3,1,3,1,26.6,0.23,-1.4,-0.05,103,297,34.7,829,136,26.3,29.6,188,42,38.7,12,2.8,15,0.47,12.2,34,34,"3,090",34.3,29,0.84,111,82,76.6,15,14,5,15,44.1,6,3,1,2,25
Federico Ravaglia,Bologna,ITA,GK,23,8.3,4,0,1,0,0,5.5,0.25,2.5,0.43,14,49,28.6,172,23,18,25.4,34,52.9,41,1,1.4,4,0.67,17.1,8,8,745,8.3,4,0.48,26,21,84.6,6,1,1,5,62.5,2,0,2,0,100
Nicola Bagnolini,Bologna,ITA,GK,19,0.1,0,0,0,0,0,0,0.02,0,0.36,1,2,50,1,0,100,47,2,50,53,0,,0,0,,1,0,5,0.1,0,0,1,1,100,0,0,0,0,,0,0,0,0,
Marco Bizot,Brest,NED,GK,32,32,34,2,0,4,0,36.2,0.27,2.2,0.07,232,482,48.1,908,134,39.3,35.1,188,66.5,47.3,18,4.7,41,1.28,15.7,32,32,"2,876",32,34,1.06,129,94,75.2,15,10,7,13,40.6,3,2,1,0,33.3
Grégoire Coudert,Brest,FRA,GK,24,5,4,0,0,0,0,0.3,0.07,0.3,0.13,12,36,33.3,70,10,41.4,37.2,10,70,55.4,0,0,2,0.99,23,6,5,451,5,4,0.8,18,14,77.8,4,0,1,2,40,0,0,0,0,
Emiliano Martínez,Aston Villa,ARG,GK,30,45.8,61,1,0,12,4,61.8,0.37,7.8,0.18,164,423,38.8,1635,196,20.7,27.6,203,41.4,36.7,54,12.1,86,2.02,17.7,46,46,"4,125",45.8,61,1.33,182,124,67,25,10,11,13,28.3,1,1,0,0,0
Robin Olsen,Aston Villa,SWE,GK,33,7.5,20,1,1,0,0,14,0.29,-4,-0.62,22,63,34.9,260,31,18.8,26.5,40,35,34,6,10,1,0.15,9.2,8,7,675,7.5,20,2.67,47,26,59.6,2,0,5,0,0,2,1,1,0,50
Filip Marshall,Aston Villa,ENG,GK,20,1,1,0,0,0,0,0.6,0.58,-0.4,-0.42,1,4,25,26,5,15.4,25,6,0,16.7,0,0,6,6,21.3,1,1,90,1,1,1,1,0,0,0,1,0,0,0,0,0,0,0,
Lucas Chevalier,Lille,FRA,GK,21,42.3,39,3,0,4,2,41.4,0.26,6.4,0.16,123,410,30,1250,146,26,29.7,161,52.8,44.3,36,8.1,41,1.03,13.1,42,42,"3,809",42.3,39,0.92,152,113,76.3,22,11,9,19,45.2,5,3,2,0,40
Vito Mannone,Lille,ITA,GK,35,5,3,0,0,1,0,4.9,0.33,1.9,0.48,10,32,31.3,119,15,23.5,30.8,8,50,39.4,2,4.9,8,1.99,15.5,6,5,451,5,3,0.6,16,13,81.3,2,3,0,3,60,0,0,0,0,
Guglielmo Vicario,Tottenham,ITA,GK,26,40,62,7,1,8,3,60,0.32,2,0.05,53,225,23.6,1363,193,14.3,24,201,14.9,22.2,33,6.5,81,2.13,17.1,40,40,"3,600",40,62,1.55,173,114,68.2,21,6,13,8,20,7,7,0,0,0
Fraser Forster,Tottenham,ENG,GK,35,1.3,1,0,,,,,,,,,,,,,,,,,,,,,,,1,1,120,1.3,1,0.75,4,3,75,0,1,0,0,0,0,0,0,0,
Mile Svilar,Roma,SRB,GK,23,30.3,32,1,0,5,2,34.8,0.24,5.8,0.2,94,275,34.2,905,138,21.4,28.3,182,44.5,40,32,7.7,15,0.52,12,30,30,"2,730",30.3,32,1.05,143,112,78.3,15,8,7,10,33.3,2,1,1,0,50
Rui Patrício,Roma,POR,GK,35,24,28,3,0,2,2,23.4,0.29,-1.6,-0.07,90,211,42.7,492,86,31.5,31,137,40.9,34.9,16,5.2,8,0.35,11.7,24,24,"2,160",24,28,1.17,78,53,67.9,11,5,8,6,25,4,3,0,1,0
Đorđe Petrović,Chelsea,SRB,GK,23,30.7,44,1,0,5,3,28.3,0.26,-6.7,-0.3,67,214,31.3,655,97,22.1,27.8,149,46.3,37.8,20,6.4,20,0.91,12.7,31,30,"2,767",30.7,44,1.43,140,99,69.3,16,7,7,7,23.3,2,1,0,1,0
Robert Sánchez,Chelsea,ESP,GK,25,20.9,30,3,0,3,0,24.2,0.28,-0.8,-0.05,61,147,41.5,516,87,21.3,28.1,91,40.7,33.7,19,9.4,27,1.7,15.8,21,21,"1,883",20.9,30,1.43,87,57,69,10,4,7,5,23.8,4,3,1,0,25
Marcin Bułka,Nice,POL,GK,23,38.3,35,5,0,1,1,30.7,0.22,2.7,0.08,74,189,39.2,1086,158,14.4,23.9,147,22.4,25.5,32,8.5,21,0.62,12.2,38,38,"3,450",38.3,35,0.91,123,87,75.6,17,11,10,18,47.4,10,5,5,0,50
Ivan Provedel,Lazio,ITA,GK,29,40,46,3,0,2,0,42.4,0.27,-0.6,-0.02,119,297,40.1,1046,134,21.3,30.1,215,34.4,36.1,18,3.9,25,0.66,13.8,40,40,"3,599",40,46,1.15,157,112,72.6,17,7,16,13,32.5,4,3,0,1,0
Christos Mandas,Lazio,GRE,GK,21,11,9,0,0,2,0,7,0.25,1,0.12,38,114,33.3,240,29,42.5,37.7,29,41.4,37.9,6,6.1,5,0.62,13.1,12,11,991,11,9,0.82,36,27,75,8,1,2,5,45.5,0,0,0,0,
Martin Dúbravka,Newcastle Utd,SVK,GK,34,29.7,48,4,0,6,0,43.7,0.3,-0.3,-0.01,59,174,33.9,509,148,16.1,25.5,174,52.9,39.2,20,6.6,22,0.95,12.9,30,29,"2,675",29.7,48,1.61,156,107,71.8,12,6,11,8,27.6,5,4,1,0,20
Nick Pope,Newcastle Utd,ENG,GK,31,20.9,21,1,1,2,0,26.4,0.3,5.4,0.27,63,178,35.4,388,116,23.5,29.4,140,62.1,46.4,15,6.9,34,1.7,17.5,21,21,"1,885",20.9,21,1,90,69,77.8,11,4,6,7,33.3,1,1,0,0,0
Loris Karius,Newcastle Utd,GER,GK,30,1,4,0,0,1,1,2,0.29,-1,-0.99,3,18,16.7,27,5,48.1,36.3,9,55.6,41.8,1,10,3,3,19.5,1,1,90,1,4,4,7,4,42.9,0,0,1,0,0,0,0,0,0,
Pietro Terracciano,Fiorentina,ITA,GK,33,45.7,52,7,3,7,0,48.2,0.28,3.2,0.08,199,456,43.6,1308,157,28,31.6,221,40.7,37.4,14,3.8,27,0.64,14.7,45,45,"4,110",45.7,52,1.14,162,109,72.2,20,12,13,12,26.7,8,7,1,0,12.5
Oliver Christensen,Fiorentina,DEN,GK,24,10.7,15,2,0,1,0,8.8,0.23,-4.2,-0.52,44,124,35.5,281,26,35.6,33.3,45,53.3,41.6,6,7.7,16,2,16.8,10,10,960,10.7,15,1.41,43,28,69.8,3,5,2,2,20,2,2,0,0,0
Tommaso Martinelli,Fiorentina,ITA,GK,17,1,2,0,,,,,,,,,,,,,,,,,,,,,,,1,1,90,1,2,2,3,1,33.3,1,0,0,0,0,0,0,0,0,
Álex Remiro,Real Sociedad,ESP,GK,28,48.7,44,5,0,6,1,45.8,0.27,4.8,0.11,237,584,40.6,1319,119,34,33.5,193,69.9,53,20,4.3,60,1.35,16.8,49,49,"4,385",48.7,44,0.9,159,115,75.5,21,17,11,21,42.9,6,5,1,0,16.7
Unai Marrero,Real Sociedad,ESP,GK,21,4.6,3,1,0,0,0,2.9,0.37,-0.1,-0.09,10,25,40,37,5,45.9,37,8,100,63.4,1,3.7,4,2.54,20.1,5,4,412,4.6,3,0.66,8,5,75,3,0,1,3,75,1,1,0,0,0
André Onana,Manchester Utd,CMR,GK,27,51.7,83,10,3,12,1,72.1,0.27,0.1,0,188,607,31,1561,166,32,31.7,181,59.1,44.9,44,6.5,39,0.89,12.4,51,51,"4,650",51.7,83,1.61,271,189,73.1,24,8,19,13,25.5,12,10,1,1,9.1
Altay Bayındır,Manchester Utd,TUR,GK,25,1,2,0,,,,,,,,,,,,,,,,,,,,,,,1,1,90,1,2,2,7,5,71.4,1,0,0,0,0,0,0,0,0,
Anthony Lopes,Lyon,POR,GK,32,33,50,4,1,7,1,43.5,0.25,-4.5,-0.15,132,362,36.5,839,156,34.1,32.4,196,38.8,34.1,36,8.2,28,0.9,12.4,33,33,"2,966",33,50,1.52,159,109,71.1,18,4,11,10,30.3,6,4,1,1,20
Lucas Perri,Lyon,BRA,GK,25,4.3,3,0,,,,,,,,,,,,,,,,,,,,,,,4,4,390,4.3,3,0.69,16,13,81.3,2,1,1,2,50,0,0,0,0,
Rémy Riou,Lyon,FRA,GK,35,3,6,0,1,0,0,4.7,0.33,-1.3,-0.44,5,24,20.8,81,13,16,26.1,23,47.8,39,3,9.4,3,1,13.4,4,3,274,3,6,1.97,14,8,57.1,0,1,2,2,66.7,0,0,0,0,
Brice Samba,Lens,FRA,GK,29,42.7,51,8,0,7,1,55.9,0.27,7.9,0.19,211,476,44.3,1194,188,32.2,32.1,209,44,35.6,42,8.2,46,1.12,14.4,42,42,"3,840",42.7,51,1.2,180,131,76.1,16,12,14,15,35.7,13,8,4,1,33.3
Jean-Louis Leca,Lens,FRA,GK,37,1,2,0,0,0,0,1,0.49,-1,-1.03,1,10,10,22,5,31.8,29,4,75,60.5,0,0,0,0,9.8,1,1,90,1,2,2,2,0,0,0,1,0,0,0,0,0,0,0,
Rui Silva,Betis,POR,GK,29,36.5,46,8,2,4,2,43.1,0.27,2.1,0.06,147,433,33.9,912,137,34.5,33,230,51.3,41.1,35,8.3,43,1.28,15.3,37,37,"3,285",36.5,46,1.26,139,93,72.7,14,10,13,10,27,9,8,1,0,11.1
Claudio Bravo,Betis,CHI,GK,40,9,7,0,0,1,1,8.3,0.31,2.3,0.26,50,108,46.3,221,35,31.2,30.6,71,54.9,42.8,7,5.6,10,1.11,13.3,9,9,810,9,7,0.78,29,23,75.9,4,4,1,2,22.2,0,0,0,0,
Fran Vieites,Betis,ESP,GK,24,3.5,4,0,1,0,0,4.5,0.25,0.5,0.15,13,50,26,82,18,37.8,36.5,35,54.3,46.4,3,4.6,2,0.57,10.5,4,3,315,3.5,4,1.14,18,14,77.8,1,2,0,2,66.7,0,0,0,0,
Pau López,Marseille,ESP,GK,28,47,61,5,1,8,1,53.6,0.26,-5.4,-0.12,159,537,29.6,1506,159,28.1,30.9,215,53,42.4,26,4.7,34,0.74,13.4,47,47,"4,229",47,61,1.3,191,132,70.7,18,16,13,10,21.3,6,5,1,0,16.7
Rubén Blanco,Marseille,ESP,GK,28,3.3,3,0,0,0,0,2.3,0.29,-0.7,-0.3,8,22,36.4,74,8,24.3,26.7,14,28.6,35.3,4,13.3,3,1.27,17,4,3,301,3.3,3,0.9,8,5,62.5,2,0,1,1,33.3,0,0,0,0,
Alex Meret,Napoli,ITA,GK,26,38.8,53,2,1,5,1,49,0.31,-3,-0.08,78,220,35.5,973,158,17.3,27.6,202,25.7,30.3,12,2.6,38,0.98,15.3,39,39,"3,493",38.8,53,1.37,149,95,65.8,13,15,11,7,17.9,4,2,2,0,50
Pierluigi Gollini,Napoli,ITA,GK,28,10,13,1,0,1,0,8.2,0.34,0.2,0.02,27,68,39.7,213,28,22.1,29.5,53,39.6,36.3,5,6.1,9,1.29,16.2,10,10,900,10,13,1.3,38,26,68.4,4,1,5,2,20,2,1,0,1,0
Nikita Contini Baranovsky,Napoli,ITA,GK,27,0.2,0,0,0,0,0,0,,0,0,0,0,,3,1,0,17,1,0,15,0,0,3,15.88,37,1,0,17,0.2,0,0,0,0,,0,0,0,1,,0,0,0,0,
Filip Jørgensen,Villarreal,DEN,GK,21,37,64,6,1,9,1,61,0.28,-2,-0.05,146,362,40.3,1074,183,24.2,29.5,253,40.3,37.3,34,5.2,39,1.05,13.8,37,37,"3,330",37,64,1.73,207,144,72,14,10,13,6,16.2,6,6,0,0,0
Pepe Reina,Villarreal,ESP,GK,40,12.7,15,2,0,0,1,12.3,0.31,0.3,0.03,27,85,31.8,291,46,23.7,29.2,47,34,34.2,5,3.9,3,0.33,12.6,12,12,"1,140",12.7,15,1.18,40,26,67.5,7,3,2,3,25,4,2,1,1,33.3
Vanja Milinković-Savić,Torino,SRB,GK,26,37,32,6,0,4,0,33.8,0.21,2.8,0.08,264,783,33.7,1288,171,44.8,38.3,239,86.2,66.6,38,9.3,37,1.03,13.6,37,37,"3,330",37,32,0.86,135,103,80.7,14,14,9,18,48.6,6,6,0,0,0
Luca Gemello,Torino,ITA,GK,23,3.3,7,1,0,0,0,3.6,0.31,-1.4,-0.72,10,29,34.5,104,8,26.9,31.1,12,8.3,19.7,3,12.5,3,1.5,12,3,3,300,3.3,7,2.1,13,6,53.8,0,0,3,0,0,1,1,0,0,0
Kevin Trapp,Eint Frankfurt,GER,GK,33,40.5,60,9,1,6,0,57,0.3,-1,-0.03,113,414,27.3,1112,154,28.2,29.5,244,41,36.2,18,3.5,34,0.88,15.1,41,41,"3,644",40.5,60,1.48,164,102,68.9,13,14,14,9,22,11,9,2,0,18.2
Jens Grahl,Eint Frankfurt,GER,GK,34,4.5,3,0,0,0,0,2.9,0.18,-0.1,-0.04,4,34,11.8,115,23,25.2,30.9,20,25,34.8,5,10.2,5,1.43,14.8,5,4,405,4.5,3,0.67,19,16,84.2,3,1,0,1,25,0,0,0,0,
Yehvann Diouf,Reims,FRA,GK,23,34,47,6,1,4,1,42.7,0.27,-3.3,-0.1,124,353,35.1,1135,179,25.2,30.1,157,42.7,36.9,38,7.3,46,1.35,14.2,34,34,"3,060",34,47,1.38,137,90,70.1,13,8,13,8,23.5,7,6,1,0,14.3
Alexandre Olliero,Reims,FRA,GK,27,2,2,1,,,,,,,,,,,,,,,,,,,,,,,2,2,180,2,2,1,5,4,80,1,1,0,1,50,1,1,0,0,0
Alphonse Areola,West Ham,FRA,GK,30,32,60,5,0,3,3,53,0.24,1,0.03,163,436,37.4,661,150,43.1,36.4,230,65.7,46.2,27,5.6,8,0.26,9,33,33,"2,879",32,60,1.88,204,145,73,11,9,13,4,12.1,7,5,2,0,28.6
Łukasz Fabiański,West Ham,POL,GK,38,21,30,3,0,5,1,27.7,0.29,1.7,0.1,96,224,42.9,365,80,46.8,37.6,109,48.6,40.5,15,6.7,5,0.29,9.9,23,20,"1,891",21,30,1.43,107,78,74.8,11,3,6,6,30,3,3,0,0,0
Steve Mandanda,Rennes,FRA,GK,38,42,57,5,0,6,3,49.6,0.26,-3.4,-0.08,154,467,33,1210,181,28.3,31,228,54.4,41.9,41,7.9,40,0.98,14.7,42,42,"3,780",42,57,1.36,178,125,70.8,16,10,16,9,21.4,6,5,1,0,16.7
Gauthier Gallon,Rennes,FRA,GK,30,5,4,2,0,0,0,0.9,0.01,-0.1,-0.06,8,22,36.4,33,0,36.4,35,12,83.3,59.8,0,0,3,3,28,5,5,450,5,4,0.8,10,7,80,4,1,0,1,20,2,2,0,0,0
Oliver Baumann,Hoffenheim,GER,GK,33,36,68,3,3,9,1,68.6,0.31,3.6,0.11,208,529,39.3,1159,165,33.7,32.7,249,55.4,44.9,31,5.7,73,2.15,16.7,36,36,"3,240",36,68,1.89,220,151,70.5,14,7,15,2,5.6,6,3,3,0,50
Josep Martinez,Genoa,ESP,GK,25,36,43,3,1,4,1,38.9,0.28,-3.1,-0.09,227,583,38.9,1253,107,37.4,35.9,171,66.7,49.4,45,7.8,40,1.11,12.2,36,36,"3,239",36,43,1.19,130,87,69.2,11,13,12,8,22.2,4,3,1,0,25
Nicola Leali,Genoa,ITA,GK,30,5.3,7,0,0,0,0,2.8,0.31,0.8,0.4,18,48,37.5,62,3,69.4,44.7,10,50,40.6,2,7.4,1,0.51,15.2,6,5,476,5.3,7,1.32,21,14,66.7,3,0,2,0,0,0,0,0,0,
Daniele Sommariva,Genoa,ITA,GK,26,0.1,0,0,0,0,0,0,,0,0,0,3,0,2,0,100,54.5,1,100,76,1,50,0,0,15,1,0,5,0.1,0,0,0,0,,0,0,0,1,,0,0,0,0,
Sam Johnstone,Crystal Palace,ENG,GK,30,22.8,33,2,0,4,1,20,0.27,-6,-0.3,117,355,33,453,63,55,41.2,141,75.2,52.8,24,7.1,12,0.6,11.2,23,22,"2,048",22.8,33,1.45,82,50,62.2,6,6,10,6,27.3,2,2,0,0,0
Dean Henderson,Crystal Palace,ENG,GK,26,19.2,30,1,0,3,1,27.4,0.31,-1.6,-0.09,59,245,24.1,377,52,46.7,38.6,105,65.7,47,5,2,17,0.94,13.8,20,20,"1,728",19.2,30,1.56,89,60,67.4,8,5,7,5,25,1,1,0,0,0
Remi Matthews,Crystal Palace,ENG,GK,29,0,1,0,0,0,0,0.1,0.15,-0.9,-19.2,0,5,0,4,0,100,53.8,1,100,63,1,100,0,0,3.5,1,0,4,0,1,22.5,1,0,0,0,0,0,0,,0,0,0,0,
Giorgi Mamardashvili,Valencia,GEO,GK,22,36.5,41,3,0,4,2,49.2,0.31,10.2,0.28,185,671,27.6,864,142,57.3,41.4,245,71.8,53.4,45,8.5,31,0.85,12.3,37,37,"3,284",36.5,41,1.12,145,103,73.8,13,10,14,13,35.1,6,3,3,0,50
Jaume Doménech,Valencia,ESP,GK,32,5.2,7,1,1,2,0,1.7,0.14,-1.3,-1.52,4,20,20,24,2,62.5,40.5,7,71.4,51.4,1,5.3,1,1.14,11.4,6,5,469,5.2,7,1.34,26,20,76.9,3,0,2,2,40,1,1,0,0,0
Cristian,Valencia,ESP,GK,25,0.6,1,0,0,1,0,0.5,0.17,-0.5,-0.75,2,5,40,15,4,26.7,29.1,3,33.3,32.7,0,0,0,0,8.3,1,0,57,0.6,1,1.58,3,2,66.7,0,0,0,0,,0,0,0,0,
Guillaume Restes,Toulouse,FRA,GK,18,43,59,6,2,7,1,55,0.29,-1,-0.02,131,398,32.9,901,121,29,30.1,262,52.3,41.2,10,1.6,18,0.43,11.1,43,43,"3,870",43,59,1.37,174,116,69.5,14,13,16,9,20.9,6,6,0,0,0
Álex Domínguez,Toulouse,ESP,GK,25,2,3,1,,,,,,,,,,,,,,,,,,,,,,,2,2,180,2,3,1.5,9,8,77.8,1,1,0,1,50,2,1,1,0,50
Bart Verbruggen,Brighton,NED,GK,20,27,33,4,0,3,0,26.3,0.23,-1.7,-0.07,65,166,39.2,884,132,17.8,24.7,85,10.6,17.2,20,7.2,33,1.38,15.7,27,27,"2,430",27,33,1.22,112,80,74.1,12,8,7,7,25.9,4,4,0,0,0
Jason Steele,Brighton,ENG,GK,32,23,44,3,1,8,2,33.2,0.35,-7.8,-0.36,56,154,36.4,773,84,18.6,26.2,66,15.2,18.8,7,3.3,56,2.55,21,23,23,"2,070",23,44,1.91,94,52,56.4,7,5,11,4,17.4,3,3,0,0,0
Neto,Bournemouth,BRA,GK,34,32,55,5,1,3,1,55.2,0.31,1.2,0.04,172,494,34.8,833,154,44.1,36.9,223,57,44.2,26,6.3,34,1.06,13.7,32,32,"2,880",32,55,1.72,165,110,69.7,10,9,13,7,21.9,6,5,1,0,16.7
Mark Travers,Bournemouth,IRL,GK,24,7.3,8,1,0,0,0,5,0.23,0,0.01,22,72,30.6,92,13,55.4,41.7,26,80.8,55.6,3,5,3,0.75,14.8,7,7,660,7.3,8,1.09,30,22,76.7,4,0,3,3,42.9,1,1,0,0,0
Ionuț Radu,Bournemouth,ROU,GK,26,5,11,1,0,3,0,2.9,0.27,-4.1,-2.04,5,15,33.3,57,10,19.3,26.9,11,36.4,29.2,2,10.5,0,0,9.6,5,5,450,5,11,2.2,19,9,47.4,3,0,2,1,20,1,1,0,0,0
Kevin Müller,Heidenheim,GER,GK,32,35,55,7,0,7,3,53.6,0.27,1.6,0.05,249,595,41.8,1164,167,35.2,35.9,316,58.5,46.1,24,4.8,17,0.5,13.2,35,35,"3,150",35,55,1.57,174,121,72.4,11,12,12,7,20,10,7,1,2,12.5
Vitus Eicher,Heidenheim,GER,GK,32,1,3,0,,,,,,,,,,,,,,,,,,,,,,,1,1,90,1,3,3,4,1,25,0,0,1,0,0,0,0,0,0,
Bernd Leno,Fulham,GER,GK,31,41.3,65,8,2,3,4,55.7,0.26,-1.3,-0.03,144,439,32.8,1372,167,23.7,28.5,201,56.7,44.7,19,4,40,1.05,14.2,41,41,"3,720",41.3,65,1.57,204,143,72.1,13,10,18,10,24.4,8,8,0,0,0
Marek Rodák,Fulham,SVK,GK,26,5.3,5,0,,,,,,,,,,,,,,,,,,,,,,,5,5,480,5.3,5,0.94,14,9,64.3,3,1,1,1,20,0,0,0,0,
Michael Zetterer,Werder Bremen,GER,GK,28,27,37,4,0,4,1,41,0.3,5,0.18,145,330,43.9,977,161,28.5,32.7,144,36.1,38.1,34,8.4,30,1.11,14.6,27,27,"2,430",27,37,1.37,128,92,74.2,9,9,9,6,22.2,4,4,0,0,0
Jiří Pavlenka,Werder Bremen,CZE,GK,31,8,20,2,0,1,0,13.1,0.3,-3.9,-0.56,31,85,36.5,177,37,37.9,34.2,69,26.1,32.5,7,6.4,9,1.29,14.4,8,8,720,8,20,2.5,48,28,62.5,2,0,6,1,12.5,2,2,0,0,0
Noah Atubolu,Freiburg,GER,GK,21,45.3,72,3,1,7,1,63.6,0.31,-7.4,-0.17,252,737,34.2,1592,202,33.8,33.7,304,65.5,50.1,37,6.2,35,0.8,13.2,45,45,"4,080",45.3,72,1.59,197,124,65,18,10,17,15,33.3,5,3,2,0,40
Florian Müller,Freiburg,GER,GK,25,1,3,0,,,,,,,,,,,,,,,,,,,,,,,1,1,90,1,3,3,3,0,0,0,0,1,0,0,0,0,0,0,
Benjamin Lecomte,Montpellier,FRA,GK,32,33,42,5,2,3,3,36.8,0.24,2.8,0.09,150,436,34.4,781,137,44.2,36.6,221,41.2,36.4,29,6.2,13,0.43,9.5,33,33,"2,970",33,42,1.27,150,111,75.3,11,11,11,11,33.3,6,5,1,0,16.7
Dimitry Bertaud,Montpellier,COD,GK,25,4,11,0,0,1,0,10.9,0.32,-0.1,-0.02,18,61,29.5,118,26,42.4,38,23,47.8,42.5,3,5.4,0,0,9.6,4,4,360,4,11,2.75,34,23,67.6,1,1,2,0,0,0,0,0,0,
Antonio Sivera,Alavés,ESP,GK,26,35,40,8,0,3,2,38.4,0.25,2.4,0.07,279,701,39.8,807,116,62.3,44.6,295,67.1,47.8,25,5,29,0.85,13.1,35,35,"3,150",35,40,1.14,129,91,75.2,11,8,16,10,28.6,8,8,0,0,0
Jesús Owono,Alavés,EQG,GK,22,7,8,0,0,1,0,6.4,0.27,-1.6,-0.4,36,77,46.8,88,9,54.5,41.7,31,93.5,66.8,4,13.8,8,2,15.2,7,7,630,7,8,1.14,33,25,75.8,4,2,1,4,57.1,0,0,0,0,
José Sá,Wolves,POR,GK,30,39.1,64,8,1,7,1,65.9,0.31,8.9,0.26,87,424,20.5,841,190,33.3,33,253,56.9,42.6,45,8.6,28,0.83,12.6,40,40,"3,517",39.1,64,1.64,206,146,72.8,15,8,17,5,12.5,8,8,0,0,0
Daniel Bentley,Wolves,ENG,GK,30,6.3,10,0,0,0,0,5.8,0.39,-1.2,-0.28,13,56,23.2,111,9,36,33.8,33,48.5,36.9,0,0,3,0.7,13.3,7,5,563,6.3,10,1.6,21,11,52.4,2,0,3,2,40,0,0,0,0,
Sergio Herrera,Osasuna,ESP,GK,30,32.9,49,0,0,6,0,45.6,0.34,-1.4,-0.04,282,658,42.9,961,100,52,40.4,222,71.2,51.2,29,6.2,43,1.35,16.4,33,33,"2,959",32.9,49,1.49,139,89,64.7,12,7,14,9,27.3,1,0,1,0,100
Aitor Fernández,Osasuna,ESP,GK,32,8.5,11,2,0,2,0,6.1,0.26,-2.9,-0.47,47,113,41.6,174,19,56.3,42.5,22,68.2,49.7,1,1.4,15,2.45,24.8,9,8,761,8.5,11,1.3,25,16,64,1,2,5,2,25,3,2,1,0,33.3
Michele Di Gregorio,Monza,ITA,GK,26,32.9,37,4,1,5,0,45.4,0.26,10.4,0.33,179,430,41.6,1126,201,27.8,30.6,223,52.5,44.2,19,4.1,18,0.56,11.5,34,34,"2,962",32.9,37,1.12,165,127,80,11,11,12,12,35.3,6,4,2,0,33.3
Alessandro Sorrentino,Monza,ITA,GK,21,6.1,16,4,0,1,0,14.4,0.34,-1.6,-0.27,18,56,32.1,151,29,26.5,30.6,42,38.1,36.1,3,4.8,3,0.49,16.8,7,5,548,6.1,16,2.63,32,16,62.5,0,1,4,0,0,4,4,0,0,0
Finn Dahmen,Augsburg,GER,GK,25,32,54,7,0,10,2,49.3,0.26,-0.7,-0.02,169,450,37.6,1151,92,30.8,32.4,187,51.3,44.3,28,5.8,50,1.61,15,32,32,"2,880",32,54,1.69,161,107,70.8,10,9,13,3,9.4,10,7,2,1,22.2
Tomáš Koubek,Augsburg,CZE,GK,30,3,8,0,0,2,0,6.7,0.29,-1.3,-0.43,16,40,40,74,6,36.5,34.5,24,54.2,46.5,2,5.6,2,0.67,11.6,3,3,270,3,8,2.67,25,17,68,0,0,3,0,0,0,0,0,0,
Alaa Bellaarouch,Strasbourg,MAR,GK,21,19.3,28,3,0,1,1,19.8,0.25,-5.2,-0.35,56,183,30.6,440,57,36.4,34.4,61,37.7,36,19,9.4,21,1.4,13.4,19,19,"1,740",19.3,28,1.45,74,47,66.2,7,3,9,3,15.8,6,3,2,1,40
Matz Sels,Strasbourg,BEL,GK,31,19,24,1,0,2,2,20,0.31,-2,-0.11,88,226,38.9,505,68,37.4,34.5,113,32.7,33.7,6,2.3,19,1,13.9,19,19,"1,710",19,24,1.26,62,40,62.9,6,7,6,3,15.8,1,1,0,0,0
David Soria,Getafe,ESP,GK,30,39.9,55,5,0,6,0,53.9,0.29,1.9,0.05,339,908,37.3,979,123,66.2,45.8,310,83.9,57.3,17,3.7,62,1.63,17.3,40,40,"3,593",39.9,55,1.38,179,123,72.1,11,13,16,11,27.5,7,5,1,1,16.7
Daniel Fuzato,Getafe,BRA,GK,26,2.1,3,0,0,1,0,1.3,0.63,-0.7,-9.63,2,7,28.6,6,1,50,39.2,4,100,71.8,1,20,0,0,10.7,3,2,187,2.1,3,1.44,7,4,57.1,2,0,0,1,50,0,0,0,0,
Jordan Pickford,Everton,ENG,GK,29,42.3,54,8,0,9,3,52.4,0.28,4.4,0.12,360,901,40,1297,141,56.7,41.6,273,60.8,48.3,30,5.3,54,1.42,15.9,42,42,"3,810",42.3,54,1.28,176,125,73.9,16,10,16,14,33.3,8,8,0,0,0
João Virgínia,Everton,POR,GK,23,3,2,0,,,,,,,,,,,,,,,,,,,,,,,3,3,270,3,2,0.67,12,10,83.3,1,1,1,2,66.7,0,0,0,0,
Koen Casteels,Wolfsburg,BEL,GK,31,27.3,40,2,0,2,2,36.4,0.3,-0.6,-0.03,161,390,41.3,786,118,36.3,35,161,65.2,48.4,25,7.5,38,1.52,15.7,27,27,"2,460",27.3,40,1.46,118,80,67.8,9,6,12,5,18.5,3,2,0,1,0
Pavao Pervan,Wolfsburg,AUT,GK,35,10,17,0,2,2,1,11.5,0.32,-4.5,-0.51,40,104,38.5,263,39,33.5,32.8,37,43.2,39.6,1,0.8,3,0.33,12.1,10,10,900,10,17,1.7,37,21,54.1,3,1,6,3,30,0,0,0,0,
Ørjan Nyland,Sevilla,NOR,GK,32,28,32,4,1,1,1,34.1,0.26,4.1,0.16,182,483,37.7,647,118,48.5,38.9,220,76.8,55.1,20,5.2,17,0.65,13.3,28,28,"2,520",28,32,1.14,124,93,77.4,9,10,9,7,25,5,4,0,1,0
Marko Dmitrović,Sevilla,SRB,GK,31,19,34,3,1,3,2,29,0.32,-2,-0.11,77,224,34.4,423,80,36.2,33.8,117,60.7,47.1,17,8.3,17,1,13.6,19,19,"1,710",19,34,1.79,87,55,64.4,4,3,12,3,15.8,3,3,0,0,0
Yassine Bounou,Sevilla,MAR,GK,32,2,3,0,0,0,0,1.1,0.37,-0.9,-0.88,6,16,37.5,24,4,41.7,36.1,7,85.7,57.4,0,0,0,0,,2,2,180,2,3,1.5,10,7,70,0,1,1,0,0,0,0,0,0,
Alberto López,Sevilla,ESP,GK,19,1,1,0,,,,,,,,,,,,,,,,,,,,,,,1,1,90,1,1,1,3,2,66.7,1,0,0,0,0,0,0,0,0,
Vicente Guaita,Celta Vigo,ESP,GK,36,26.7,39,4,0,5,2,39.7,0.31,2.7,0.1,137,356,38.5,589,134,39.4,35.5,213,58.2,45.3,23,5.5,27,1.01,13.3,27,26,"2,403",26.7,39,1.46,120,83,70.8,8,7,11,6,23.1,5,4,0,1,0
Iván Villar,Celta Vigo,ESP,GK,26,15.3,23,3,0,2,1,16.3,0.31,-0.7,-0.07,39,138,28.3,223,48,35.4,34.4,98,60.2,45.7,5,3.7,9,0.8,13.2,16,16,"1,374",15.3,23,1.51,57,35,64.9,5,4,7,1,6.3,4,3,1,0,25
Agustín Marchesín,Celta Vigo,ARG,GK,35,1,1,0,,,,,,,,,,,,,,,,,,,,,,,1,1,90,1,1,1,3,2,66.7,1,0,0,0,0,0,0,0,0,
Predrag Rajković,Mallorca,SRB,GK,27,36,43,4,1,4,1,41.8,0.27,-0.2,-0.01,322,795,40.5,946,117,60.9,44.7,300,73,54.3,33,6.6,28,0.78,13.7,36,36,"3,240",36,43,1.19,138,95,71.7,7,15,14,9,25,5,4,1,0,20
Dominik Greif,Mallorca,SVK,GK,26,9,4,1,0,0,0,0.7,0.16,0.7,0.66,10,18,55.6,23,3,52.2,42,9,66.7,54.2,0,0,1,1,23,8,8,810,9,4,0.44,32,30,90.6,4,4,0,5,62.5,2,1,1,0,50
Iván Cuéllar,Mallorca,ESP,GK,39,2,1,0,0,0,0,1.2,0.19,0.2,0.17,1,11,9.1,32,8,31.3,33,3,33.3,35.7,1,16.7,0,0,7,2,2,180,2,1,0.5,9,8,88.9,2,0,0,1,50,0,0,0,0,
Álvaro Vallés,Las Palmas,ESP,GK,26,36.3,44,5,0,5,3,48.7,0.28,7.7,0.21,137,447,30.6,1762,194,21.7,27.3,151,42.4,39.1,29,5.6,96,2.65,17.8,37,37,"3,263",36.3,44,1.21,152,108,74.3,10,10,17,8,21.6,9,5,3,1,37.5
Aarón Escandell,Las Palmas,ESP,GK,27,5,6,1,0,0,0,2.5,0.62,-0.5,-0.3,9,26,34.6,73,10,27.4,30.4,12,50,41.3,1,4.2,4,2.35,18,5,4,453,5,6,1.19,16,11,68.8,2,0,2,1,25,1,1,0,0,0
Mark Flekken,Brentford,NED,GK,30,37.5,64,2,0,6,0,55.4,0.31,-7.6,-0.21,242,647,37.4,1288,131,36.6,34.5,289,60.9,46.7,44,7.7,37,1.01,12.6,38,38,"3,375",37.5,64,1.71,179,115,65.4,10,9,19,7,18.4,2,2,0,0,0
Thomas Strakosha,Brentford,ALB,GK,28,3.8,6,1,0,0,0,1.5,0.2,-0.5,-0.3,12,30,40,56,5,41.1,35.8,15,46.7,39.9,2,5.4,1,0.67,10,4,3,345,3.8,6,1.57,8,6,75,0,1,2,0,0,1,1,0,0,0
Ellery Balcombe,Brentford,ENG,GK,23,1.3,1,0,,,,,,,,,,,,,,,,,,,,,,,1,1,120,1.3,1,0.75,2,1,50,0,1,0,0,0,0,0,0,0,
Robin Zentner,Mainz 05,GER,GK,28,32,51,5,1,2,1,49.2,0.37,2.2,0.07,180,512,35.2,862,146,47.3,38.5,177,58.8,46.4,42,10.7,48,1.6,16,32,32,"2,880",32,51,1.59,133,85,65.4,8,12,12,8,25,6,5,0,1,0
Daniel Batz,Mainz 05,GER,GK,32,4,3,0,1,0,0,2.4,0.15,-0.6,-0.15,18,58,31,132,14,38.6,34.7,21,33.3,34.8,4,10.5,2,0.5,11.3,4,4,360,4,3,0.75,17,14,82.4,0,2,2,1,25,0,0,0,0,
Moritz Nicolas,Gladbach,GER,GK,25,30.3,52,4,0,6,0,45.1,0.26,-3.9,-0.14,112,315,35.6,888,140,26,29.7,161,52.2,42.5,21,4.6,22,0.81,13.2,30,30,"2,730",30.3,52,1.71,166,114,71.1,8,11,11,5,16.7,4,4,0,0,0
Jonas Omlin,Gladbach,SUI,GK,29,8,18,2,0,1,0,13.3,0.24,-4.7,-0.67,32,90,35.6,242,37,30.2,32.3,34,50,41.8,7,9,12,1.71,15.3,8,8,720,8,18,2.25,49,31,67.3,2,2,4,1,12.5,2,2,0,0,0
Lorenzo Montipò,Hellas Verona,ITA,GK,27,38,50,3,0,6,1,40.7,0.26,-7.3,-0.2,323,763,42.3,960,109,54.5,41.1,305,78.7,56.4,22,4.5,43,1.16,15.3,38,38,"3,420",38,50,1.32,156,108,69.9,10,10,18,8,21.1,3,3,0,0,0
Simone Perilli,Hellas Verona,ITA,GK,28,2,4,0,0,0,0,2.7,0.29,0.7,0.75,8,28,28.6,32,2,75,49.5,5,80,62,0,0,2,2,18,2,2,180,2,4,2,13,9,69.2,0,1,1,0,0,0,0,0,0,
Stole Dimitrievski,Rayo Vallecano,MKD,GK,29,37,47,1,1,5,2,46.9,0.31,1.9,0.05,168,598,28.1,928,171,47.1,39.4,267,60.3,48.4,23,4.3,38,1.03,14.6,37,37,"3,330",37,47,1.27,150,104,69.3,8,14,15,13,35.1,2,1,1,0,50
Cárdenas,Rayo Vallecano,ESP,GK,26,5.3,4,1,0,0,0,0.9,0.93,-0.1,-0.07,2,15,13.3,36,5,36.1,36.3,4,50,53.5,0,0,2,2,17,5,5,480,5.3,4,0.75,15,12,80,3,0,2,3,60,1,1,0,0,0
Wladimiro Falcone,Lecce,ITA,GK,28,39,54,5,1,7,1,53.2,0.28,0.2,0.01,152,489,31.1,893,159,42.6,34.9,248,44,35.2,20,3.8,20,0.53,11,39,39,"3,510",39,54,1.38,176,122,72.2,9,14,16,8,20.5,6,5,1,0,16.7
Federico Brancolini,Lecce,ITA,GK,22,1,4,1,,,,,,,,,,,,,,,,,,,,,,,1,1,90,1,4,4,5,2,40,0,0,1,0,0,1,1,0,0,0
Maduka Okoye,Udinese,NGA,GK,23,22.3,27,3,2,3,1,23.9,0.24,-0.1,0,99,263,37.6,286,45,55.9,41.7,161,64,49,7,1.9,2,0.1,8.7,22,22,"2,010",22.3,27,1.21,99,73,75.8,5,8,9,5,22.7,3,3,0,0,0
Marco Silvestri,Udinese,ITA,GK,32,18,29,6,0,2,0,25.7,0.29,-2.3,-0.14,57,168,33.9,345,68,33.6,32.3,105,49.5,42.1,5,1.8,7,0.41,13.1,18,18,"1,620",18,29,1.61,71,42,67.6,2,11,5,4,22.2,6,6,0,0,0
Alban Lafont,Nantes,FRA,GK,24,29.7,45,8,0,2,0,42.4,0.31,-0.6,-0.02,123,388,31.7,839,145,34.2,34,166,60.8,46.9,33,8.6,33,1.19,13,30,30,"2,676",29.7,45,1.51,123,78,69.9,8,4,18,7,23.3,8,8,0,0,0
Rémy Descamps,Nantes,FRA,GK,27,6,11,1,0,0,0,12.5,0.35,1.5,0.26,51,125,40.8,141,28,51.1,40.3,71,74.6,49.8,8,6.9,0,0,7.8,6,6,540,6,11,1.83,37,26,73,2,2,2,1,16.7,2,1,0,1,0
Denis Petrić,Nantes,SRB,GK,35,0.3,1,0,0,1,0,0.3,0.28,-0.7,-2.71,1,2,50,7,2,28.6,30.7,0,,,0,0,0,0,,1,0,24,0.3,1,3.75,1,0,0,0,0,0,0,,0,0,0,0,
Frederik Rønnow,Union Berlin,DEN,GK,30,41,67,5,2,10,1,62.2,0.29,-2.8,-0.07,228,614,37.1,1250,205,36.2,33.9,262,61.5,46.8,61,9.3,38,0.97,12.1,41,41,"3,690",41,67,1.63,199,130,68.8,10,8,23,8,19.5,8,5,3,0,37.5
Alexander Schwolow,Union Berlin,GER,GK,31,1,2,0,0,0,0,1.2,0.2,-0.8,-0.81,4,10,40,28,4,32.1,34.1,8,12.5,28.4,0,0,0,0,5,1,1,90,1,2,2,6,4,66.7,0,0,1,0,0,0,0,0,0,
Manuel Riemann,Bochum,GER,GK,34,34.3,72,9,0,9,3,59.6,0.27,-7.4,-0.22,430,1041,41.3,1498,89,61,42.5,208,61.1,46.9,35,6.9,104,3.15,19.8,34,34,"3,090",34.3,72,2.1,187,116,66.3,7,13,14,4,11.8,11,9,2,0,18.2
Andreas Luthe,Bochum,GER,GK,36,1,4,0,0,0,1,2.7,0.68,-0.3,-0.3,20,43,46.5,42,2,85.7,51.3,7,100,61.1,0,0,0,0,7.7,1,1,90,1,4,4,4,1,0,0,0,1,0,0,0,0,0,0,
Elia Caprile,Empoli,ITA,GK,21,24,29,4,0,5,0,27.6,0.22,0.6,0.02,117,350,33.4,657,137,40.3,36.8,159,53.5,45.1,31,7.9,20,0.87,13.3,24,24,"2,160",24,29,1.21,108,79,76.9,6,6,12,5,20.8,6,4,2,0,33.3
Etrit Berisha,Empoli,ALB,GK,34,14,25,2,0,5,1,20.7,0.24,-3.3,-0.24,44,184,23.9,400,75,34.8,33,90,50,40.8,11,4.7,10,0.71,12.4,14,14,"1,260",14,25,1.79,74,49,68.9,3,3,8,4,28.6,3,2,1,0,33.3
Samuele Perisan,Empoli,ITA,GK,25,1,2,0,0,0,0,0.7,0.14,-1.3,-1.32,1,8,12.5,22,8,27.3,26.3,12,16.7,29.6,0,0,1,1,21,1,1,90,1,2,2,5,3,60,0,0,1,0,0,0,0,0,0,
Simone Scuffet,Cagliari,ITA,GK,27,31,55,3,3,9,2,45.1,0.33,-7.9,-0.25,161,452,35.6,684,106,43.3,37.1,243,64.2,46.9,22,4.6,20,0.65,12.1,31,31,"2,789",31,55,1.77,129,76,59.7,8,10,13,3,9.7,3,3,0,0,0
Boris Radunović,Cagliari,SRB,GK,27,10.7,18,0,0,1,1,10.1,0.38,-0.9,-0.13,41,91,45.1,156,31,35.9,37,66,53,43.8,6,6.1,4,0.57,11.2,10,10,960,10.7,18,1.69,41,24,56.1,2,2,6,2,20,1,0,0,1,
Simone Aresti,Cagliari,ITA,GK,37,0,1,1,0,0,0,1,0,0,-1.21,0,1,0,1,0,100,64,0,,,0,0,0,0,,1,0,1,0,1,90,1,0,100,0,0,0,0,,1,1,0,0,0
Arthur Desmas,Le Havre,FRA,GK,29,33,43,1,0,5,2,47,0.3,6,0.18,155,454,34.1,719,135,46.9,37.1,222,52.7,39.1,32,6.8,24,0.73,12.5,33,33,"2,970",33,43,1.3,153,111,72.5,7,11,15,7,21.2,3,1,1,1,50
Mathieu Gorgelin,Le Havre,FRA,GK,32,3,5,1,0,0,0,2.9,0.39,0.9,0.92,3,9,33.3,17,0,47.1,33.1,2,50,32.5,0,0,1,1,14.5,3,3,270,3,5,1.67,15,10,73.3,1,0,2,1,33.3,1,1,0,0,0
Mohamed Koné,Le Havre,CIV,GK,21,1,1,0,,,,,,,,,,,,,,,,,,,,,,,1,1,90,1,1,1,2,1,50,1,0,0,0,0,0,0,0,0,
Stefano Turati,Frosinone,ITA,GK,21,31.5,58,5,0,10,1,47.5,0.28,-9.5,-0.31,72,316,22.8,919,147,27.3,29.2,144,45.1,38.8,18,4.4,19,0.62,13.7,32,32,"2,835",31.5,58,1.84,152,94,65.1,7,9,16,5,15.6,7,5,1,1,16.7
Michele Cerofolini,Frosinone,ITA,GK,24,10.8,16,1,0,1,1,5.9,0.22,-4.1,-0.55,18,100,18,171,28,47.4,37.2,38,50,42.8,4,3.2,7,0.93,14.3,11,10,975,10.8,16,1.48,50,36,70,4,2,4,4,40,2,1,0,1,0
Jeremías Ledesma,Cádiz,ARG,GK,30,33.9,47,2,0,6,0,46.4,0.3,-0.6,-0.02,313,785,39.9,897,115,60.4,44,284,85.6,62.1,53,10.1,45,1.33,12.9,34,34,"3,048",33.9,47,1.39,151,104,70.2,6,12,16,9,26.5,2,2,0,0,0
David Gil,Cádiz,ESP,GK,29,4.1,8,0,0,0,1,5.3,0.26,-1.7,-0.4,51,125,40.8,104,8,76.9,49.3,48,93.8,63.5,7,7.7,0,0,7,5,4,372,4.1,8,1.94,24,17,66.7,0,3,1,1,25,0,0,0,0,
Victor Wehbi,Cádiz,BRA,GK,20,1,2,0,,,,,,,,,,,,,,,,,,,,,,,1,1,90,1,2,2,6,4,66.7,0,0,1,0,0,0,0,0,0,
Alexandre Oukidja,Metz,ALG,GK,35,34.2,58,6,1,7,0,52.3,0.26,-4.7,-0.14,209,666,31.4,708,125,57.3,42.4,292,89,59,46,8.1,22,0.66,10.3,35,35,"3,077",34.2,58,1.7,188,130,72.3,8,6,21,6,17.1,6,6,0,0,0
Guillaume Dietsch,Metz,FRA,GK,22,0.8,1,0,0,0,0,0.8,0.31,-0.2,-0.21,6,16,37.5,19,3,47.4,36.4,7,100,63,1,7.1,0,0,3,1,0,73,0.8,1,1.23,3,2,66.7,0,0,0,0,,0,0,0,0,
Yvon Mvogo,Lorient,SUI,GK,29,34,66,8,1,8,1,63.1,0.27,-1.9,-0.06,139,378,36.8,921,162,29.1,31.4,228,48.2,38.8,24,4.1,13,0.38,8.9,34,34,"3,060",34,66,1.94,207,142,72,7,8,19,4,11.8,8,8,0,0,0
Alfred Gomis,Lorient,SEN,GK,29,1,2,1,,,,,,,,,,,,,,,,,,,,,,,1,1,90,1,2,2,4,3,75,0,0,1,0,0,1,1,0,0,0
Matt Turner,Nott'ham Forest,USA,GK,29,21.3,31,2,1,4,0,22.1,0.26,-5.9,-0.35,126,280,45,436,99,42.7,35.7,136,69.1,47,30,10.1,18,1.06,13.3,21,21,"1,920",21.3,31,1.45,97,66,70.1,4,7,10,3,14.3,2,2,0,0,0
Matz Sels,Nott'ham Forest,BEL,GK,31,16,27,1,0,9,2,17.2,0.27,-7.8,-0.49,75,179,41.9,283,51,45.9,36.6,93,52.7,41.4,11,4.9,4,0.25,9.4,16,16,"1,440",16,27,1.69,61,36,57.4,4,4,8,1,6.3,1,1,0,0,0
Odisseas Vlachodimos,Nott'ham Forest,GRE,GK,29,7.3,16,1,0,2,0,7.9,0.31,-4.1,-0.83,28,60,46.7,130,21,25.4,29.6,44,61.4,44.3,3,3.3,2,0.4,10.3,7,7,660,7.3,16,2.18,27,11,44.4,2,1,4,1,14.3,1,1,0,0,0
Andrea Consigli,Sassuolo,ITA,GK,36,36.3,70,8,1,7,3,51.7,0.28,-13.3,-0.38,172,540,31.9,982,143,42.3,36.9,252,49.6,41.2,23,4.2,22,0.63,11.8,36,36,"3,270",36.3,70,1.93,160,93,61.3,7,8,21,3,8.3,11,8,1,2,11.1
Alessio Cragno,Sassuolo,ITA,GK,29,5.3,10,1,1,1,1,5.1,0.3,-0.9,-0.28,17,45,37.8,78,11,50,37.8,22,27.3,30.5,3,8.1,8,2.67,18.6,5,5,480,5.3,10,1.87,26,17,65.4,1,2,2,1,20,1,1,0,0,0
Marvin Schwäbe,Köln,GER,GK,28,36.3,64,3,0,10,0,62,0.36,2,0.06,135,372,36.3,1148,101,28.4,31.4,149,30.9,34.3,14,2.8,21,0.62,13.4,36,36,"3,270",36.3,64,1.76,177,114,65.5,6,12,18,4,11.1,4,3,1,0,25
Mory Diaw,Clermont Foot,SEN,GK,30,30,54,6,0,5,1,57.1,0.28,4.1,0.14,206,558,36.9,1065,129,42.8,36.7,176,58,44.5,39,8.9,46,1.53,14.4,30,30,"2,700",30,54,1.8,188,134,74.5,4,8,18,5,16.7,8,6,1,1,14.3
Massamba Ndiaye,Clermont Foot,SEN,GK,21,5,7,1,0,1,0,7.8,0.29,1.8,0.45,20,55,36.4,148,28,29.7,30.9,24,45.8,35.1,7,9.3,3,0.75,10.1,5,5,450,5,7,1.4,27,20,77.8,1,3,1,0,0,1,1,0,0,0
Théo Borne,Clermont Foot,FRA,GK,21,1,3,0,,,,,,,,,,,,,,,,,,,,,,,1,1,90,1,3,3,8,5,62.5,0,0,1,0,0,0,0,0,0,
Thomas Kaminski,Luton Town,BEL,GK,30,37.8,85,4,0,13,4,77.6,0.34,-3.4,-0.09,271,808,33.5,1121,150,52,39.5,341,66,47.5,16,2.9,76,2.01,20.5,38,38,"3,405",37.8,85,2.25,221,140,63.3,6,8,24,2,5.3,4,4,0,0,0
Tim Krul,Luton Town,NED,GK,35,6,11,0,,,,,,,,,,,,,,,,,,,,,,,6,6,540,6,11,1.83,34,23,67.6,3,1,2,1,16.7,0,0,0,0,
James Shea,Luton Town,ENG,GK,32,0.2,0,0,0,0,0,0.1,0.06,0.1,0.75,3,6,50,6,1,83.3,50.8,3,33.3,37.3,0,0,1,6,19,1,0,15,0.2,0,0,2,2,100,0,0,0,0,,0,0,0,0,
James Trafford,Burnley,ENG,GK,20,28,62,5,0,10,2,54.1,0.3,-5.9,-0.21,138,606,22.8,1332,162,33.9,31.3,198,78.3,54.2,30,7.2,43,1.54,15,28,28,"2,520",28,62,2.21,166,106,65.7,3,5,20,2,7.1,5,5,0,0,0
Arijanet Muric,Burnley,KVX,GK,24,14,20,1,0,1,1,21.7,0.26,6.7,0.67,77,219,35.2,547,54,36.4,34.3,33,60.6,45.1,20,14,31,3.1,17.2,14,14,"1,260",14,20,1.43,90,70,78.9,4,4,6,2,14.3,2,1,1,0,50
Luís Maximiano,Almería,POR,GK,24,34,63,4,0,7,0,59.7,0.32,-3.3,-0.1,158,543,29.1,995,146,38.4,35.5,264,61,46.3,25,4.5,38,1.15,14.5,34,34,"3,060",34,63,1.85,177,113,66.7,3,11,20,7,20.6,7,4,1,2,20
Fernando,Almería,ESP,GK,33,4,10,0,0,1,0,8.5,0.37,-1.5,-0.36,22,67,32.8,133,28,39.8,35.6,26,53.8,44,4,5.6,7,1.75,14.5,4,4,360,4,10,2.5,23,13,56.5,1,1,2,0,0,0,0,0,0,
Diego Mariño,Almería,ESP,GK,33,2,3,2,0,0,0,2.1,0.02,0.1,0.05,1,5,20,25,6,20,24.1,2,0,16.5,0,0,2,2,22.7,2,2,180,2,3,1.5,6,3,83.3,0,0,2,0,0,2,2,0,0,0
Augusto Batalla,Granada,ARG,GK,27,17,28,0,0,6,0,22.6,0.27,-5.4,-0.32,127,354,35.9,566,78,45.8,39.4,122,77.9,55.9,23,8.4,18,1.06,14.2,17,17,"1,530",17,28,1.65,86,58,67.4,3,4,10,3,17.6,0,0,0,0,
André Ferreira,Granada,POR,GK,27,14.9,29,3,0,2,1,27.8,0.33,-0.2,-0.01,73,186,39.2,388,88,31.4,32.2,110,58.2,44.3,6,3.1,13,0.87,12.6,15,14,"1,340",14.9,29,1.95,77,49,66.2,0,5,9,0,0,3,3,0,0,0
Raúl Fernández,Granada,ESP,GK,35,3.1,11,0,0,1,1,7.8,0.46,-2.2,-0.71,14,47,29.8,88,10,37.5,35.7,17,82.4,62.1,4,11.1,11,3.54,17.3,4,4,280,3.1,11,3.54,17,7,35.3,1,0,3,0,0,1,0,0,1,
Marc Martínez,Granada,ESP,GK,33,3,11,2,0,3,0,12.1,0.46,1.1,0.37,17,39,43.6,74,9,33.8,33.3,24,58.3,46.3,0,0,10,3.33,23,3,3,270,3,11,3.67,23,12,60.9,0,0,3,0,0,2,2,0,0,0
Adrián López ,Granada,ESP,GK,24,1,0,0,,,,,,,,,,,,,,,,,,,,,,,1,1,90,1,0,0,4,4,100,0,0,1,0,0,0,0,0,0,
Marcel Schuhen,Darmstadt 98,GER,GK,30,32,79,1,2,7,2,68,0.34,-6,-0.19,245,618,39.6,1204,182,36.3,34.8,289,62.6,48.5,24,5.3,51,1.65,16.5,32,32,"2,880",32,79,2.47,203,125,61.6,3,7,22,3,9.4,2,1,1,0,50
Alexander Brunst,Darmstadt 98,GER,GK,28,3,10,0,0,2,0,6.3,0.37,-3.7,-1.25,33,72,45.8,129,13,41.1,36,21,90.5,59.6,3,5.9,9,3,19.1,3,3,270,3,10,3.33,17,7,41.2,0,1,2,0,0,0,0,0,0,
Guillermo Ochoa,Salernitana,MEX,GK,38,21,44,7,0,3,1,37.2,0.27,-5.8,-0.28,85,323,26.3,479,73,46.3,37.5,171,59.1,44.4,9,2.6,11,0.52,13.6,21,21,"1,890",21,44,2.1,115,72,67.8,0,6,15,1,4.8,7,7,0,0,0
Benoît Costil,Salernitana,FRA,GK,36,15,29,3,0,2,1,23.6,0.32,-4.4,-0.34,71,228,31.1,323,45,48,37,104,70.2,51.1,2,0.9,19,1.46,18.2,15,15,"1,350",15,29,1.93,67,39,61.2,4,3,8,3,20,3,3,0,0,0
Vincenzo Fiorillo,Salernitana,ITA,GK,33,5,14,0,0,4,0,7.3,0.28,-0.7,-0.18,27,96,28.1,72,9,68.1,44.9,54,87,56.6,4,5.2,1,0.25,7.6,5,5,450,5,14,2.8,39,25,64.1,0,2,3,0,0,0,0,0,0,
Wes Foderingham,Sheffield Utd,ENG,GK,32,30.4,79,5,0,8,5,70.5,0.33,-3.5,-0.12,206,619,33.3,782,101,54.6,40.2,262,73.3,52.3,28,6,42,1.43,14.7,31,30,"2,739",30.4,79,2.6,205,131,63.9,4,4,22,2,6.7,6,5,0,1,0
Ivo Grbić,Sheffield Utd,CRO,GK,27,9.6,30,2,0,4,2,14.7,0.25,-8.3,-0.97,65,199,32.7,207,25,57.5,41.2,89,89.9,59.4,11,5.7,14,1.63,14.4,10,10,861,9.6,30,3.14,63,37,55.6,0,3,7,0,0,3,2,0,1,0
Adam Davies,Sheffield Utd,WAL,GK,31,1,0,0,,,,,,,,,,,,,,,,,,,,,,,1,1,90,1,0,0,1,1,100,0,1,0,1,100,0,0,0,0,
